{"inputUnits":[66],"outputUnits":3,"inputs":{"0":{"dtype":"number","min":209.06296030584394,"max":323.46888666551615},"1":{"dtype":"number","min":118.97481949927263,"max":233.07232987962337},"2":{"dtype":"number","min":212.5388869438422,"max":330.5471291648722},"3":{"dtype":"number","min":110.44802644546942,"max":225.85391652671504},"4":{"dtype":"number","min":214.57006169072272,"max":334.83374640430816},"5":{"dtype":"number","min":110.66575128903526,"max":226.06015678742},"6":{"dtype":"number","min":216.6470684797483,"max":338.4770141104264},"7":{"dtype":"number","min":110.90352239925762,"max":226.59013027050733},"8":{"dtype":"number","min":205.6526416821555,"max":319.1463474145525},"9":{"dtype":"number","min":109.99491780079158,"max":226.28481206999055},"10":{"dtype":"number","min":202.85197824126413,"max":315.19226531820385},"11":{"dtype":"number","min":109.98794937824525,"max":226.76111385441956},"12":{"dtype":"number","min":199.9429233222446,"max":311.31791258298153},"13":{"dtype":"number","min":109.97717854688443,"max":227.24257646183892},"14":{"dtype":"number","min":221.38325969787488,"max":344.42391968989347},"15":{"dtype":"number","min":115.8614704824957,"max":233.30299955456698},"16":{"dtype":"number","min":196.23813407147873,"max":306.4990662772293},"17":{"dtype":"number","min":115.0874646940681,"max":233.57839293208437},"18":{"dtype":"number","min":213.77014934310833,"max":328.57702659271706},"19":{"dtype":"number","min":131.14085561850794,"max":242.7584933496949},"20":{"dtype":"number","min":204.26743240423127,"max":315.5609485793399},"21":{"dtype":"number","min":130.0923684658066,"max":242.68596492655},"22":{"dtype":"number","min":196.29687195213768,"max":363.65502951806275},"23":{"dtype":"number","min":166.73363148276405,"max":275.7942856092339},"24":{"dtype":"number","min":176.91540816686253,"max":312.8728178214762},"25":{"dtype":"number","min":154.80474791453244,"max":276.84501492533565},"26":{"dtype":"number","min":177.54185539082948,"max":412.51263804928647},"27":{"dtype":"number","min":123.68746610848044,"max":317.2886573412051},"28":{"dtype":"number","min":111.36987227205104,"max":306.8636884669624},"29":{"dtype":"number","min":113.48418033000257,"max":331.37952364663784},"30":{"dtype":"number","min":162.11576420848138,"max":457.2253321406785},"31":{"dtype":"number","min":78.0667346946581,"max":320.08281271219283},"32":{"dtype":"number","min":82.03032539319824,"max":392.4141246595632},"33":{"dtype":"number","min":76.80890402166507,"max":359.3914247368977},"34":{"dtype":"number","min":138.27075539957085,"max":480.05972306361036},"35":{"dtype":"number","min":63.65279329453931,"max":334.56945220211173},"36":{"dtype":"number","min":59.66738499468923,"max":410.22407114409634},"37":{"dtype":"number","min":69.07662295310071,"max":371.9826794423598},"38":{"dtype":"number","min":133.74692200030464,"max":481.1354578029736},"39":{"dtype":"number","min":64.54883283643332,"max":331.79772499566263},"40":{"dtype":"number","min":58.77088539655543,"max":417.4994985133461},"41":{"dtype":"number","min":69.65395170178424,"max":361.4369678643303},"42":{"dtype":"number","min":144.32800340512082,"max":472.3897808418998},"43":{"dtype":"number","min":72.61036912709422,"max":324.9607887819054},"44":{"dtype":"number","min":68.50944112049922,"max":405.3781253388251},"45":{"dtype":"number","min":73.36132002944132,"max":360.25361927735423},"46":{"dtype":"number","min":193.45428930084378,"max":342.48498714082143},"47":{"dtype":"number","min":159.31761213711616,"max":424.0118024610136},"48":{"dtype":"number","min":190.30797142521496,"max":302.7863219971295},"49":{"dtype":"number","min":168.19241412511002,"max":426.6321684522891},"50":{"dtype":"number","min":198.16432028503561,"max":350.27513255151734},"51":{"dtype":"number","min":148.4389162772718,"max":540.146701083464},"52":{"dtype":"number","min":189.98271877755258,"max":300.8197262414053},"53":{"dtype":"number","min":148.34433001595414,"max":542.2327420178958},"54":{"dtype":"number","min":174.32492367541045,"max":352.4674555507084},"55":{"dtype":"number","min":120.80495965481673,"max":662.3495930777606},"56":{"dtype":"number","min":181.72409928362396,"max":313.5962147076111},"57":{"dtype":"number","min":106.83614107891994,"max":671.0712079885104},"58":{"dtype":"number","min":167.58483801439064,"max":354.4980168782856},"59":{"dtype":"number","min":114.99205793673714,"max":677.2254638099887},"60":{"dtype":"number","min":178.44056711064087,"max":324.3441335941211},"61":{"dtype":"number","min":103.67688400419465,"max":687.8033456565653},"62":{"dtype":"number","min":142.62705487362848,"max":361.9830190935795},"63":{"dtype":"number","min":113.62510780198463,"max":696.6789534386386},"64":{"dtype":"number","min":147.05020604424448,"max":313.2091555447786},"65":{"dtype":"number","min":71.88188970338308,"max":704.9925598373258}},"outputs":{"0":{"dtype":"string","min":0,"max":1,"uniqueValues":["pass","spike","block"],"legend":{"pass":[1,0,0],"spike":[0,1,0],"block":[0,0,1]}}},"isNormalized":true}